group,feature,normal_mean,group_mean,mean_diff,z_mean_diff,normal_std,group_std,std_ratio_to_normal,normal_iqr,group_iqr,iqr_ratio_to_normal,ks_statistic
FeatureGuideHumanMimic,hold_time,0.11009717424016105,0.11297295961529014,0.0028757853751290863,0.10067039398570737,0.028566346681203756,0.034090386057605566,1.1933757731798638,0.0373425483703613,0.046254158020019503,1.2386449248528344,0.08129356836113055
FeatureGuideHumanMimic,flight_time,0.011573146252702152,0.06662521593272684,0.05505206968002469,0.18881145620945755,0.2915716598200101,0.12112753274661678,0.4154297191345343,0.0750865936279296,0.0620205402374268,0.8259868671730144,0.5859477887080129
FeatureGuideHumanMimic,press_to_press_time,0.12167006235456986,0.17940574970096348,0.05773568734639363,0.19925481395200315,0.289758055031489,0.12577179393331578,0.4340579726753333,0.057595252990722684,0.09573864936828619,1.6622663222558907,0.44124039789939745
FeatureGuideHumanMimic,release_to_release_time,0.12167012661019846,0.17956786972781022,0.057897743117611755,0.19929903588725892,0.29050689011041586,0.1252434830323807,0.4311205251785187,0.08204197883605961,0.1027991771697998,1.2530070413735177,0.38264311083091984
FeatureGuideHumanMimic,overlap_ratio,0.23627840783293247,0.05457855405772989,-0.1816998537752026,-0.6915196477252613,0.26275443419850797,0.2262438536020351,0.8610467575634155,0.398407355457103,0.0,0.0,0.5954903625287127
FeatureGuideHumanMimic,simultaneous_key_count,1.7040147807849795,1.0539583333333333,-0.6500564474516461,-1.1574475964149815,0.561629268975198,0.22594134288537926,0.40229623947066223,1.0,0.0,0.0,0.59663189936416
FeatureGuideHumanMimic,modifier_count,0.020944771796664336,0.0,-0.020944771796664336,-0.14626276770701224,0.1431996134424317,0.0,0.0,0.0,0.0,,0.02094477179666432
FeatureGuideHumanMimic,shortcut_flag,0.020944771796664336,0.0,-0.020944771796664336,-0.14626276770701224,0.1431996134424317,0.0,0.0,0.0,0.0,,0.02094477179666432
FeatureGuideHumanMimic,correction_ratio,0.056583046863907624,0.04029462625220934,-0.016288420611698287,-0.16777871340197575,0.09708276027050805,0.052748365710691976,0.5433340127919287,0.0833333333333333,0.0769230769230769,0.9230769230769231,0.15373326134358667
FeatureGuideHumanMimic,keys_per_second,9.002955158294217,6.01265625,-2.990298908294217,-1.414625253425805,2.113845275314148,1.5670829502385244,0.7413423151349775,3.0,2.0,0.6666666666666666,0.6088573656330104
FeatureGuideHumanMimic,burst_density,9.002955158294217,6.01265625,-2.990298908294217,-1.414625253425805,2.113845275314148,1.5670829502385244,0.7413423151349775,3.0,2.0,0.6666666666666666,0.6088573656330104
FeatureGuideHumanMimic,timing_variance,0.12373413320001364,0.10757205279860228,-0.016162080401411358,-0.045772397096700876,0.35309665708061133,0.06714218831438029,0.190152432678092,0.073934704422911,0.0729333069653349,0.9864556507611358,0.0637441014181564
FeatureGuideHumanMimic,timing_entropy,3.309915043814167,2.641298894079233,-0.6686161497349343,-2.2961664135192947,0.2911880192124916,0.3947456516182567,1.3556383696205403,0.3458328121043839,0.5509775004326936,1.5931903542639851,0.7287126215087054
FeatureGuideHumanMimic,pause_duration,0.040395013380036364,0.07321334851284819,0.03281833513281183,0.11499700016828897,0.2853842716313017,0.11331963826133395,0.39707737785821534,0.0298349857330322,0.0620205402374268,2.0787856509265876,0.5857414527780551
FeatureGuideHumanMimic,current_key_category_id,1.8133905922301008,2.0709375,0.2575469077698991,0.1378424976407653,1.8684144017841169,2.2342314920739548,1.195790125542024,0.0,0.0,,0.0634552737691002
HumanMimic,hold_time,0.11009717424016105,0.029455152273178055,-0.080642021966983,-2.8229728801843708,0.028566346681203756,0.012478563268154127,0.436827411198676,0.0373425483703613,0.019330739974975603,0.5176599032089189,0.9931089583541396
HumanMimic,flight_time,0.011573146252702152,0.19972338954607646,0.18815024329337432,0.6452967459509652,0.2915716598200101,0.26959109705009376,0.9246135142781533,0.0750865936279296,0.2207131385803223,2.9394480148347637,0.7205915642997437
HumanMimic,press_to_press_time,0.12167006235456986,0.22913273785909016,0.10746267550452031,0.3708703645627452,0.289758055031489,0.26701765888968965,0.9215193650463727,0.057595252990722684,0.2106142044067384,3.6567979732750486,0.25063259762309
HumanMimic,release_to_release_time,0.12167012661019846,0.2291753395875295,0.10750521297733104,0.3700608028142481,0.29050689011041586,0.2687473590817657,0.925098055263406,0.08204197883605961,0.19614076614379888,2.3907366561176833,0.25101245048104137
HumanMimic,overlap_ratio,0.23627840783293247,0.0,-0.23627840783293247,-0.8992366144216117,0.26275443419850797,0.0,0.0,0.398407355457103,0.0,0.0,0.6504903625287126
HumanMimic,simultaneous_key_count,1.7040147807849795,1.0,-0.7040147807849795,-1.253522242652331,0.561629268975198,0.0,0.0,1.0,0.0,0.0,0.6505902326974933
HumanMimic,modifier_count,0.020944771796664336,0.0,-0.020944771796664336,-0.14626276770701224,0.1431996134424317,0.0,0.0,0.0,0.0,,0.02094477179666432
HumanMimic,shortcut_flag,0.020944771796664336,0.0,-0.020944771796664336,-0.14626276770701224,0.1431996134424317,0.0,0.0,0.0,0.0,,0.02094477179666432
HumanMimic,correction_ratio,0.056583046863907624,0.07426135174566288,0.017678304881755258,0.18209520240768845,0.09708276027050805,0.07337695234177503,0.7558185628150665,0.0833333333333333,0.1111111111111111,1.3333333333333337,0.29065344385632014
HumanMimic,keys_per_second,9.002955158294217,4.8383,-4.164655158294217,-1.970179751058312,2.113845275314148,1.7183616114704103,0.8129079415308847,3.0,2.5,0.8333333333333334,0.7321469489663437
HumanMimic,burst_density,9.002955158294217,4.8383,-4.164655158294217,-1.970179751058312,2.113845275314148,1.7183616114704103,0.8129079415308847,3.0,2.5,0.8333333333333334,0.7321469489663437
HumanMimic,timing_variance,0.12373413320001364,0.26254051499880304,0.1388063817987894,0.3931115716201758,0.35309665708061133,0.17986803123134412,0.5094016825831363,0.073934704422911,0.1989833627389218,2.691339125408886,0.5833917107759912
HumanMimic,timing_entropy,3.309915043814167,2.8089222091649457,-0.5009928346492214,-1.7205132134355665,0.2911880192124916,0.4810249475013984,1.6519393510842737,0.3458328121043839,0.5369655941662064,1.5526739377295762,0.5411205432937182
HumanMimic,pause_duration,0.040395013380036364,0.19972338954607646,0.1593283761660401,0.5582941738705285,0.2853842716313017,0.26959109705009376,0.9446599685016569,0.0298349857330322,0.2207131385803223,7.397796015566946,0.7205915642997437
HumanMimic,current_key_category_id,1.8133905922301008,1.5414666666666668,-0.27192392556343403,-0.14553726694879815,1.8684144017841169,1.1945329531469469,0.6393297718141692,0.0,0.0,,0.05102864942241758
StrongHumanMimic,hold_time,0.11009717424016105,0.01800770071675737,-0.09208947352340369,-3.2237049613347035,0.028566346681203756,0.005915233658727298,0.20707000880233092,0.0373425483703613,0.008437156677246102,0.22593949918915163,0.9990012983121942
StrongHumanMimic,flight_time,0.011573146252702152,0.0491475008952955,0.03757435464259335,0.1288683360577237,0.2915716598200101,0.02843976833252351,0.09753954945442792,0.0750865936279296,0.008866548538208001,0.11808430919297892,0.7391340744212012
StrongHumanMimic,press_to_press_time,0.12167006235456986,0.06714665167083941,-0.05452341068373044,-0.18816874884739684,0.289758055031489,0.02977368542282867,0.1027536073832117,0.057595252990722684,0.016919136047363302,0.2937592105045289,0.58296511970336
StrongHumanMimic,release_to_release_time,0.12167012661019846,0.06715385079222971,-0.05451627581796875,-0.187659149141861,0.29050689011041586,0.029589131945753844,0.10185346011761583,0.08204197883605961,0.016589879989623996,0.20221208977387936,0.49099081450524573
StrongHumanMimic,overlap_ratio,0.23627840783293247,0.0,-0.23627840783293247,-0.8992366144216117,0.26275443419850797,0.0,0.0,0.398407355457103,0.0,0.0,0.6504903625287126
StrongHumanMimic,simultaneous_key_count,1.7040147807849795,1.0,-0.7040147807849795,-1.253522242652331,0.561629268975198,0.0,0.0,1.0,0.0,0.0,0.6505902326974933
StrongHumanMimic,modifier_count,0.020944771796664336,0.0,-0.020944771796664336,-0.14626276770701224,0.1431996134424317,0.0,0.0,0.0,0.0,,0.02094477179666432
StrongHumanMimic,shortcut_flag,0.020944771796664336,0.0,-0.020944771796664336,-0.14626276770701224,0.1431996134424317,0.0,0.0,0.0,0.0,,0.02094477179666432
StrongHumanMimic,correction_ratio,0.056583046863907624,0.03465755949633833,-0.021925487367569295,-0.2258432630724227,0.09708276027050805,0.03221569718961938,0.33183746630044997,0.0833333333333333,0.0588235294117647,0.7058823529411766,0.2949243931606859
StrongHumanMimic,keys_per_second,9.002955158294217,15.14780701754386,6.144851859249643,2.906954416678595,2.113845275314148,2.2176123360361233,1.0490892412674595,3.0,2.5,0.8333333333333334,0.8827964927645342
StrongHumanMimic,burst_density,9.002955158294217,15.14780701754386,6.144851859249643,2.906954416678595,2.113845275314148,2.2176123360361233,1.0490892412674595,3.0,2.5,0.8333333333333334,0.8827964927645342
StrongHumanMimic,timing_variance,0.12373413320001364,0.027966900686803717,-0.09576723251320993,-0.2712210115638292,0.35309665708061133,0.019647560364647182,0.055643575124988166,0.073934704422911,0.0144743241728671,0.1957717189220516,0.8389574322611374
StrongHumanMimic,timing_entropy,3.309915043814167,2.1291247440358103,-1.1807902997783568,-4.055078581089171,0.2911880192124916,0.28356734811244444,0.9738290362335064,0.3458328121043839,0.4011702546074343,1.1600121231016902,0.9450926359834779
StrongHumanMimic,pause_duration,0.040395013380036364,0.0491475008952955,0.008752487515259137,0.030669130661015523,0.2853842716313017,0.02843976833252351,0.09965429478631492,0.0298349857330322,0.008866548538208001,0.2971862838329192,0.7391340744212012
StrongHumanMimic,current_key_category_id,1.8133905922301008,1.4886099865047233,-0.3247806057253775,-0.17382685843956783,1.8684144017841169,1.1832204437944231,0.6332751677917844,0.0,0.0,,0.06419406054180854
normal,hold_time,0.11009717424016105,0.11009717424016105,0.0,0.0,0.028566346681203756,0.028566346681203756,1.0,0.0373425483703613,0.0373425483703613,1.0,0.0
normal,flight_time,0.011573146252702152,0.011573146252702152,0.0,0.0,0.2915716598200101,0.2915716598200101,1.0,0.0750865936279296,0.0750865936279296,1.0,0.0
normal,press_to_press_time,0.12167006235456986,0.12167006235456986,0.0,0.0,0.289758055031489,0.289758055031489,1.0,0.057595252990722684,0.057595252990722684,1.0,0.0
normal,release_to_release_time,0.12167012661019846,0.12167012661019846,0.0,0.0,0.29050689011041586,0.29050689011041586,1.0,0.08204197883605961,0.08204197883605961,1.0,0.0
normal,overlap_ratio,0.23627840783293247,0.23627840783293247,0.0,0.0,0.26275443419850797,0.26275443419850797,1.0,0.398407355457103,0.398407355457103,1.0,0.0
normal,simultaneous_key_count,1.7040147807849795,1.7040147807849795,0.0,0.0,0.561629268975198,0.561629268975198,1.0,1.0,1.0,1.0,0.0
normal,modifier_count,0.020944771796664336,0.020944771796664336,0.0,0.0,0.1431996134424317,0.1431996134424317,1.0,0.0,0.0,1.0,0.0
normal,shortcut_flag,0.020944771796664336,0.020944771796664336,0.0,0.0,0.1431996134424317,0.1431996134424317,1.0,0.0,0.0,1.0,0.0
normal,correction_ratio,0.056583046863907624,0.056583046863907624,0.0,0.0,0.09708276027050805,0.09708276027050805,1.0,0.0833333333333333,0.0833333333333333,1.0,0.0
normal,keys_per_second,9.002955158294217,9.002955158294217,0.0,0.0,2.113845275314148,2.113845275314148,1.0,3.0,3.0,1.0,0.0
normal,burst_density,9.002955158294217,9.002955158294217,0.0,0.0,2.113845275314148,2.113845275314148,1.0,3.0,3.0,1.0,0.0
normal,timing_variance,0.12373413320001364,0.12373413320001364,0.0,0.0,0.35309665708061133,0.35309665708061133,1.0,0.073934704422911,0.073934704422911,1.0,0.0
normal,timing_entropy,3.309915043814167,3.309915043814167,0.0,0.0,0.2911880192124916,0.2911880192124916,1.0,0.3458328121043839,0.3458328121043839,1.0,0.0
normal,pause_duration,0.040395013380036364,0.040395013380036364,0.0,0.0,0.2853842716313017,0.2853842716313017,1.0,0.0298349857330322,0.0298349857330322,1.0,0.0
normal,current_key_category_id,1.8133905922301008,1.8133905922301008,0.0,0.0,1.8684144017841169,1.8684144017841169,1.0,0.0,0.0,1.0,0.0
