epoch,train_loss,train_recon_loss,train_cls_loss,train_contrastive_loss,train_proto_loss,train_acc,valid_loss,valid_recon_loss,valid_cls_loss,valid_contrastive_loss,valid_proto_loss,valid_acc
1,2.2116955863509746,0.9747168659675135,0.638472705818449,5.867317597811852,0.21468853929950993,0.8847372344390607,1.5512049750670591,1.0883531123621808,0.18122343872236601,5.117053783774909,0.04012965710747615,0.9869597615499255
2,1.4495075816678058,0.9761559518246432,0.06738241249296233,5.369769742406219,0.03064877272035442,0.9994409243384271,1.335099423340287,1.09126273637024,0.013667492455512773,4.943906953189128,0.010543388682355112,1.0
3,1.3839528163422234,0.9780058299610964,0.014505205192768747,5.32048537932889,0.02389749199529659,0.9998136414461424,1.3258225933805485,1.0906475500804658,0.004887577725071932,4.946329069208637,0.00894984496471468,0.9996274217585693
4,1.3726147270184865,0.9760183697532372,0.006624844804145132,5.319677877017379,0.01849754897588076,1.0,1.3211058131273385,1.090794567024299,0.002140138636935841,4.943060664590531,0.0062303548732886285,1.0
5,1.3640133355741753,0.9748920514607581,0.0038319153868618615,5.301014449318265,0.015021756536108963,1.0,1.3204668142045841,1.0929234728727895,0.0012219677271179843,4.9428538416252765,0.005594102125864715,1.0
6,1.362494618022704,0.9757915507756282,0.002529771582501518,5.300744494439238,0.014156916412374576,1.0,1.3180053473940194,1.0871229254364434,0.0007185826191523191,4.942719316695735,0.005212012692264402,1.0
7,1.3581561920050138,0.9682409891076289,0.0017714735334968187,5.295709656016221,0.013540925311936156,1.0,1.319986138187471,1.0957210820762304,0.00046676438333551317,4.942512908031617,0.00460083459347109,1.0
8,1.3528559479391757,0.9580072192527268,0.0012950164510129472,5.290884122446851,0.011963802492895146,1.0,1.33242807356327,1.138637696399774,0.00032880705047916514,4.942448752470059,0.004036332348059036,1.0
9,1.3480401593182365,0.950415730298654,0.001011384304791121,5.284179380035116,0.010136277620700416,1.0,1.3271567094876762,1.1223706573736472,0.0002446560416276596,4.942441486921466,0.0034250665685764325,1.0
10,1.3454975655307264,0.9413170883160583,0.000844488180287778,5.288068164074727,0.00928856240584752,1.0,1.3250980670334862,1.1165615237594184,0.00018311529834102422,4.942318364156163,0.002965523829772491,1.0
11,1.3447851131444897,0.9417189245920683,0.0007076647974704498,5.286439451138741,0.008547692837702486,1.0,1.331411931980207,1.138348108254673,0.0001406320537289191,4.942322371435947,0.002604722147724201,1.0
12,1.3424587445253762,0.9415253436125529,0.000520832161816112,5.279537216212116,0.007145650944132059,1.0,1.3457986032909501,1.1871126056961083,0.00011447312562947124,4.942237266307439,0.002205805195462175,1.0
13,1.3427747453809717,0.9387133172808678,0.0005371225772503114,5.285879343959142,0.006895468759125198,1.0,1.3296525641809456,1.1334862220482749,9.162298112164908e-05,4.942255895645892,0.0021277463265546165,1.0
14,1.341656621738552,0.9382091775297718,0.00046007950243339124,5.283113057871963,0.006222288606586327,1.0,1.3352663616487415,1.152849589481439,7.34168635115677e-05,4.942215031909516,0.0017900477248853303,1.0
15,1.3405683737302334,0.934415938002913,0.00037859994757998954,5.285379326614567,0.005578203736330607,1.0,1.3374241583393511,1.1601583835087306,5.9081638288389596e-05,4.9422965810124815,0.001716404482194857,1.0
16,1.3405613375829752,0.9374923529217948,0.0003274907503130232,5.281656668873096,0.005309549143119253,1.0,1.3532284229949405,1.2131988704648706,4.86237689422533e-05,4.942269433273111,0.0015324763056715248,1.0
17,1.3452947149959198,0.9534468096092571,0.00027690027358850093,5.282751326146874,0.004866922585424862,1.0,1.3138314238603708,1.0818036856843178,4.078319551539087e-05,4.942736648411758,0.0014043342210727171,1.0
18,1.3416854262218696,0.9404132917573369,0.0002741440729226551,5.285163961681376,0.0045089234996821695,1.0,1.3230049116245504,1.1129510950757922,3.271108198939231e-05,4.9422913514377464,0.0012571142213321923,1.0
19,1.3384103348927847,0.9361726508360944,0.00019815365920852393,5.276955871141272,0.003938325836128467,1.0,1.3550905042540298,1.220133830200542,2.7868504932536444e-05,4.942297266066163,0.001126057914064034,1.0
20,1.3377219141751495,0.9311287380891019,0.00019648985181948322,5.281691027807292,0.003697117485287882,1.0,1.3443926990298685,1.1845037063969586,2.313719490176846e-05,4.942450990975347,0.0010564482842687233,1.0
21,1.3374441484439918,0.9279139877432013,0.00018858000017316236,5.2854719012697995,0.003573956189050915,1.0,1.3271995976500646,1.126496867611227,2.065918353368787e-05,4.943544323149452,0.0010420437003506677,1.0
22,1.334045993628628,0.9181336504818564,0.00017234083181692295,5.28401272198268,0.003261949081304322,1.0,1.340876655145125,1.1722422183537093,1.767156918260065e-05,4.943680584874842,0.0009003442155381861,1.0
23,1.3317930341611102,0.9135138009228104,0.00015466051954216145,5.280425902226946,0.002998024404695951,1.0,1.3386379826797281,1.1650034004458727,1.5373236411287563e-05,4.943436280092788,0.000868639004300175,1.0
24,1.3302100968369788,0.9067595409804923,0.00014027044182001816,5.282882367680422,0.0029309228366533133,1.0,1.3427099501145046,1.1782774427786313,1.3215693869812264e-05,4.944111390547319,0.0007823619115563323,1.0
25,1.3296426652840079,0.9051957089110981,0.00013666326296862884,5.283129979281829,0.0026425121416640824,1.0,1.3316224687323308,1.1419109588408434,1.1537057727951527e-05,4.943361183570145,0.0007308077986835157,1.0
26,1.3270999175418992,0.8997386147004652,0.00010629188727965475,5.278749635847833,0.002644165963499605,1.0,1.364447200351607,1.25097662308177,1.0248173638489413e-05,4.9438944509594345,0.0007300954224470997,1.0
27,1.3292422064018037,0.9069512817693477,0.00012174593241390399,5.279046084069512,0.0024516310171750757,1.0,1.452149770121283,1.5425920248386935,9.131524220367754e-06,4.945251940970271,0.0006252236896084869,1.0
28,1.3395993773101027,0.9359827330874011,0.0001394483633638796,5.287418839116617,0.0023625996634621,1.0,1.3259241596952458,1.1234240703362466,7.3960816819089275e-06,4.942846064418332,0.0006406055797195415,1.0
29,1.331842594345781,0.9130908820418515,9.21987401063859e-05,5.283506651667575,0.0022434874394706523,1.0,1.3436043260705097,1.182510008044463,6.844056344599929e-06,4.942783222823847,0.0005756768434594389,1.0
30,1.3273294838426541,0.9033891013696751,9.634773906157101e-05,5.275607103915789,0.0021899161807237455,1.0,1.3703543331512928,1.271326650095057,6.199987566795761e-06,4.9433287486944755,0.0005687127872155049,1.0
31,1.325966673025301,0.8978838685551465,9.54466196215905e-05,5.277261128498465,0.0021076334629623007,1.0,1.4070236872987136,1.393832434129786,5.478135397929142e-06,4.9431235054743805,0.0004874411596928414,1.0
32,1.3236982915279716,0.8902165704239139,8.149639566340356e-05,5.27809416710153,0.0018658996228613945,1.0,1.4568020219063795,1.5594583303846652,4.882089880001414e-06,4.943596463978024,0.0004806357913254309,1.0
33,1.3267758411566712,0.8947195128811593,7.691812872631698e-05,5.28672327517219,0.0018767304639524648,1.0,1.3480122874639429,1.1970453399126646,4.610731771418612e-06,4.943283738393542,0.0004746173957818023,1.0
34,1.3238394467456547,0.8905711853366444,7.372584114085669e-05,5.278484096733261,0.0017950228463418912,1.0,1.3455229928347818,1.1884122958126437,4.195228810586076e-06,4.9438465028867995,0.00045159677102198564,1.0
35,1.3225575998297743,0.8819722469467038,9.149240400023242e-05,5.285119239047886,0.001701089436382033,1.0,1.3602158063925502,1.2373499266259183,3.566933059859103e-06,4.944024054730525,0.0004047849309254554,1.0
36,1.3196236442550988,0.8797293810359231,6.671345819227484e-05,5.27436556871196,0.0015299267569373553,1.0,1.3745009925788276,1.2847648372237976,3.538458793223878e-06,4.944310910300242,0.00041158811876102006,1.0
37,1.3432301060725982,0.9087216678147346,0.010064302264881147,5.290573023790039,0.004869352677513151,0.9991613865076407,1.3210439570081571,1.1046810082636007,6.856937005030224e-05,4.945964133153196,0.0007564354426905529,1.0
38,1.3294929620538058,0.909064522884339,0.00023665407242388713,5.278305899328231,0.0017514877641615896,1.0,1.3357505311553772,1.1558662334959482,7.074027541655436e-06,4.943938229727141,0.00039185250536941167,1.0
39,1.3233806560877495,0.8890716084516898,9.712319580369993e-05,5.279158696726636,0.0014605591358444082,1.0,1.3417104091800627,1.1754977934051378,5.81939644654314e-06,4.9444077324050015,0.0003473671274981427,1.0
40,1.3206885813156082,0.8816627511727556,0.00011219246092836809,5.277091643013174,0.0013183782227230447,1.0,1.348784805054814,1.19891688436403,5.35136375820192e-06,4.944712138566815,0.0003238844177956331,1.0
41,1.3184011711631745,0.8731154792130194,8.75099181838714e-05,5.2785477528054905,0.0013388742155079915,1.0,1.3632807879085513,1.247506140951961,4.702642673731333e-06,4.944340941092296,0.0003121064844608568,1.0
42,1.320563623054766,0.8770296824898153,9.024704486852637e-05,5.283666111487219,0.0012624221229096135,1.0,1.378226547767082,1.2972092906515573,4.43348000674357e-06,4.944553638890319,0.00029717642116817007,1.0
43,1.3192973291522925,0.8718132616377925,8.48624547682916e-05,5.285170392140585,0.001268723090705151,1.0,1.3582035940912194,1.230448543847762,4.0110151018472335e-06,4.944604848784945,0.0002879900953228601,1.0
44,1.3189748364333738,0.8721194219509257,7.375086328383807e-05,5.283399745771968,0.0011705813998949342,1.0,1.3349771007517943,1.1528977105052567,3.929502941093027e-06,4.94479995051013,0.0002877267953109041,1.0
45,1.317372327458712,0.86988676311896,7.897836597037083e-05,5.278687870240327,0.001179403571625099,1.0,1.3586550766238512,1.2316554338850314,3.7851288487383332e-06,4.945070126017586,0.00028119641797715625,1.0
46,1.3145882824308783,0.8612753893073442,6.72571369276465e-05,5.277842271430164,0.0011398312999327826,1.0,1.3629460993893279,1.2461622742888825,3.638766820545507e-06,4.944774646162099,0.00027768017229521383,1.0
47,1.316400782545689,0.8660656244418001,8.643716118581417e-05,5.279545825051142,0.0011709087573717675,1.0,1.3476897913368555,1.195230435152523,3.421263216773323e-06,4.944916945456037,0.0002676411614709585,1.0
48,1.3384950164979046,0.9342826777236745,7.352130630856642e-05,5.288085963625629,0.0010389284783730612,1.0,1.3286239861020743,1.1324969671344616,2.6343666262003716e-06,4.943791064704406,0.00022800710610819817,1.0
49,1.3403079275137624,0.9495442223291187,6.621999910551227e-05,5.274364806625588,0.0010108983039507449,1.0,1.3388238129068593,1.1649589230335593,2.9327852061365252e-06,4.946046924448937,0.0002476128200393506,1.0
50,1.3286055993820542,0.9111943925844392,9.392140014435536e-05,5.273285523662361,0.000992431614676055,1.0,1.3812121694738215,1.3066905713827528,2.8362215837507025e-06,4.945416942261015,0.0002375280282391796,1.0
