global_index,group,source_file,true_label,reconstruction_error,classifier_attack_probability,prototype_attack_probability,distance_to_normal_prototype,distance_to_attack_prototype,latent_norm,pred_classifier,pred_prototype,pred_recon_90,pred_recon_95,pred_recon_99,pred_latent_dist_90,pred_latent_dist_95,pred_latent_dist_99,pred_or95,pred_or90,pred_or95_with_latent,row_index_in_source
10013,FeatureGuideHumanMimic_v4,window1.csv,1,1.6886789798736572,7.945870379444386e-07,8.826058183331043e-05,1.223491668701172,3.090517520904541,4.906505107879639,0,0,1,1,0,0,0,0,1,1,1,0
10014,FeatureGuideHumanMimic_v4,window1.csv,1,1.5080842971801758,7.124493777155294e-07,7.839870522730052e-05,1.2177380323410034,3.1084628105163574,4.91719913482666,0,0,1,1,0,0,0,0,1,1,1,1
10015,FeatureGuideHumanMimic_v4,window1.csv,1,1.373542308807373,7.805220434420335e-07,8.788332343101501e-05,1.222276210784912,3.090158700942993,4.906102657318115,0,0,1,1,0,0,0,0,1,1,1,2
10016,FeatureGuideHumanMimic_v4,window1.csv,1,1.2959613800048828,8.220105769396469e-07,9.411384962731972e-05,1.2237701416015625,3.0779523849487305,4.905940055847168,0,0,1,1,0,0,0,0,1,1,1,3
10017,FeatureGuideHumanMimic_v4,window1.csv,1,1.2909342050552368,7.972413982315629e-07,8.831016748445109e-05,1.2221689224243164,3.0890822410583496,4.908655643463135,0,0,1,1,0,0,0,0,1,1,1,4
10018,FeatureGuideHumanMimic_v4,window1.csv,1,1.3100917339324951,7.549072620349762e-07,8.182057354133576e-05,1.2184921503067017,3.1006722450256348,4.926721572875977,0,0,1,1,0,0,0,0,1,1,1,5
10019,FeatureGuideHumanMimic_v4,window1.csv,1,1.2060240507125854,8.38580604067829e-07,9.543220221530646e-05,1.2233740091323853,3.0747737884521484,4.927979946136475,0,0,1,0,0,0,0,0,0,1,0,6
10020,FeatureGuideHumanMimic_v4,window1.csv,1,1.1609736680984497,9.268715643884208e-07,0.0001123710680985,1.23176372051239,3.050482273101806,4.937586784362793,0,0,1,0,0,0,0,0,0,1,0,7
10021,FeatureGuideHumanMimic_v4,window1.csv,1,1.1376417875289917,9.939575420503388e-07,0.0001250235945917,1.2348204851150513,3.0321969985961914,4.951019763946533,0,0,1,0,0,0,0,0,0,1,0,8
10022,FeatureGuideHumanMimic_v4,window1.csv,1,1.1364244222640991,9.301992349719512e-07,0.0001196302764583,1.2334903478622437,3.039687395095825,4.957283020019531,0,0,1,0,0,0,0,0,0,1,0,9
10023,FeatureGuideHumanMimic_v4,window1.csv,1,1.1360942125320437,9.561257456880412e-07,0.0001259101118193,1.234319806098938,3.030282974243164,4.965688705444336,0,0,1,0,0,0,0,0,0,1,0,10
10024,FeatureGuideHumanMimic_v4,window1.csv,1,1.1230909824371338,9.393492632625566e-07,0.0001258550037164,1.2335608005523682,3.029611587524414,4.975703716278076,0,0,1,0,0,0,0,0,0,1,0,11
10025,FeatureGuideHumanMimic_v4,window1.csv,1,1.1176618337631226,9.338908171230288e-07,0.000127188002807,1.2331829071044922,3.02712631225586,4.981503009796143,0,0,1,0,0,0,0,0,0,1,0,12
10026,FeatureGuideHumanMimic_v4,window1.csv,1,1.1182241439819336,8.442418106824334e-07,0.0001120468587032,1.228779911994934,3.0480761528015137,4.972819805145264,0,0,1,0,0,0,0,0,0,1,0,13
10027,FeatureGuideHumanMimic_v4,window1.csv,1,1.1285971403121948,8.251986969298741e-07,0.0001100246081477,1.2305258512496948,3.0534651279449463,4.971794605255127,0,0,1,0,0,0,0,0,0,1,0,14
10028,FeatureGuideHumanMimic_v4,window1.csv,1,1.148672103881836,8.219987535085238e-07,0.0001068887795554,1.230483055114746,3.059206008911133,4.963015556335449,0,0,1,0,0,0,0,0,0,1,0,15
10029,FeatureGuideHumanMimic_v4,window1.csv,1,1.173556923866272,7.970413662405917e-07,9.903234604280442e-05,1.2270824909210205,3.071075439453125,4.947526931762695,0,0,1,0,0,0,0,0,0,1,0,16
10030,FeatureGuideHumanMimic_v4,window1.csv,1,1.1727967262268066,6.775114229640167e-07,7.721367001067847e-05,1.2152010202407837,3.108972311019897,4.932156562805176,0,0,1,0,0,0,0,0,0,1,0,17
10031,FeatureGuideHumanMimic_v4,window1.csv,1,1.1812875270843506,6.992539738348569e-07,7.882976933615282e-05,1.2156383991241455,3.105266571044922,4.922338962554932,0,0,1,0,0,0,0,0,0,1,0,18
10032,FeatureGuideHumanMimic_v4,window1.csv,1,1.1872239112854004,7.183206776062434e-07,8.156987314578146e-05,1.2158408164978027,3.098634719848633,4.915158748626709,0,0,1,0,0,0,0,0,0,1,0,19
10033,FeatureGuideHumanMimic_v4,window1.csv,1,1.218086004257202,7.076226893332205e-07,7.735428516753018e-05,1.2164229154586792,3.109830379486084,4.905642509460449,0,0,1,0,0,0,0,0,0,1,0,20
10034,FeatureGuideHumanMimic_v4,window1.csv,1,1.2309973239898682,7.379017574749014e-07,8.148208871716633e-05,1.2161321640014648,3.099141359329224,4.903846263885498,0,0,1,0,0,0,0,0,0,1,0,21
10035,FeatureGuideHumanMimic_v4,window1.csv,1,1.2318114042282104,7.693435577493801e-07,8.113960939226672e-05,1.21956205368042,3.1034135818481445,4.900599479675293,0,0,1,0,0,0,0,0,0,1,0,22
10036,FeatureGuideHumanMimic_v4,window1.csv,1,1.218154788017273,7.707580493843125e-07,8.351825817953795e-05,1.2196944952011108,3.097766876220703,4.904354095458984,0,0,1,0,0,0,0,0,0,1,0,23
10037,FeatureGuideHumanMimic_v4,window1.csv,1,1.2126214504241943,7.439991804858437e-07,7.911939610494301e-05,1.215321063995361,3.1042158603668213,4.899552345275879,0,0,1,0,0,0,0,0,0,1,0,24
10038,FeatureGuideHumanMimic_v4,window1.csv,1,1.1870239973068235,7.545992275481694e-07,8.162418089341372e-05,1.2153576612472534,3.0980184078216557,4.897971153259277,0,0,1,0,0,0,0,0,0,1,0,25
10039,FeatureGuideHumanMimic_v4,window1.csv,1,1.186786651611328,7.707330382800137e-07,8.274210267700255e-05,1.2149860858917236,3.094925880432129,4.900327682495117,0,0,1,0,0,0,0,0,0,1,0,26
10040,FeatureGuideHumanMimic_v4,window1.csv,1,1.1666306257247925,8.170211458491394e-07,9.018762648338452e-05,1.2163808345794678,3.0790865421295166,4.902395248413086,0,0,1,0,0,0,0,0,0,1,0,27
10041,FeatureGuideHumanMimic_v4,window1.csv,1,1.1559123992919922,8.311934607263538e-07,9.345875878352672e-05,1.2198058366775513,3.075385093688965,4.908346176147461,0,0,1,0,0,0,0,0,0,1,0,28
10042,FeatureGuideHumanMimic_v4,window1.csv,1,1.149229645729065,8.993405344881467e-07,0.0001033393346006,1.2241246700286863,3.0596024990081787,4.910253524780273,0,0,1,0,0,0,0,0,0,1,0,29
10043,FeatureGuideHumanMimic_v4,window1.csv,1,1.1257822513580322,9.377533274346206e-07,0.0001105009068851,1.226199984550476,3.0482752323150635,4.913334846496582,0,0,1,0,0,0,0,0,0,1,0,30
10044,FeatureGuideHumanMimic_v4,window1.csv,1,1.1068170070648191,9.65234335126297e-07,0.0001178788443212,1.2302114963531494,3.039358615875244,4.922600746154785,0,0,1,0,0,0,0,0,0,1,0,31
10045,FeatureGuideHumanMimic_v4,window1.csv,1,1.102025270462036,1.0198863265031832e-06,0.0001244350860361,1.2310642004013062,3.0293846130371094,4.920398712158203,0,0,1,0,0,0,0,0,0,1,0,32
10046,FeatureGuideHumanMimic_v4,window1.csv,1,1.0843849182128906,1.0014093732024776e-06,0.0001237503165611,1.2308721542358398,3.0302963256835938,4.925577163696289,0,0,1,0,0,0,0,0,0,1,0,33
10047,FeatureGuideHumanMimic_v4,window1.csv,1,1.0857559442520142,1.0595515504974171e-06,0.0001330492959823,1.2315064668655396,3.0164380073547363,4.92905330657959,0,0,1,0,0,0,0,0,0,1,0,34
10048,FeatureGuideHumanMimic_v4,window1.csv,1,1.1043293476104736,1.0212596635028603e-06,0.000126172817545,1.234607219696045,3.030153512954712,4.9264235496521,0,0,1,0,0,0,0,0,0,1,0,35
10049,FeatureGuideHumanMimic_v4,window1.csv,1,1.120041847229004,1.058713223756058e-06,0.0001327318605035,1.2348228693008425,3.0202322006225586,4.927433967590332,0,0,1,0,0,0,0,0,0,1,0,36
10050,FeatureGuideHumanMimic_v4,window1.csv,1,1.1497057676315308,1.0274081887473583e-06,0.0001249343185918,1.2374248504638672,3.0349442958831787,4.920475006103516,0,0,1,0,0,0,0,0,0,1,0,37
10051,FeatureGuideHumanMimic_v4,window1.csv,1,1.147133231163025,1.0227743132418254e-06,0.0001254859234904,1.2332366704940796,3.0298750400543213,4.921944618225098,0,0,1,0,0,0,0,0,0,1,0,38
10052,FeatureGuideHumanMimic_v4,window1.csv,1,1.1907014846801758,1.003958686851547e-06,0.0001182502455776,1.235282063484192,3.043799877166748,4.9137349128723145,0,0,1,0,0,0,0,0,0,1,0,39
10053,FeatureGuideHumanMimic_v4,window1.csv,1,1.1680713891983032,1.059683995663363e-06,0.0001287413178943,1.2381564378738403,3.029671669006348,4.915791034698486,0,0,1,0,0,0,0,0,0,1,0,40
10054,FeatureGuideHumanMimic_v4,window1.csv,1,1.1739519834518433,1.05307515241293e-06,0.0001274671521969,1.2386958599090576,3.032200813293457,4.9228715896606445,0,0,1,0,0,0,0,0,0,1,0,41
10055,FeatureGuideHumanMimic_v4,window1.csv,1,1.1725894212722778,1.0779504009406082e-06,0.0001326467172475,1.2403689622879028,3.025906562805176,4.925486564636231,0,0,1,0,0,0,0,0,0,1,0,42
10056,FeatureGuideHumanMimic_v4,window2.csv,1,1.65811288356781,7.050649628581596e-07,8.506081940140575e-05,1.217054843902588,3.091466426849365,4.957104206085205,0,0,1,1,0,0,0,0,1,1,1,0
10057,FeatureGuideHumanMimic_v4,window2.csv,1,1.5234447717666626,6.246029329304292e-07,7.666443707421422e-05,1.2147603034973145,3.109959602355957,4.991485118865967,0,0,1,1,0,0,0,0,1,1,1,1
10058,FeatureGuideHumanMimic_v4,window2.csv,1,1.339563012123108,7.016106451374071e-07,8.394984615733847e-05,1.2173452377319336,3.094386577606201,4.950098991394043,0,0,1,1,0,0,0,0,1,1,1,2
10059,FeatureGuideHumanMimic_v4,window2.csv,1,1.2421826124191284,7.675027973164106e-07,8.900959801394492e-05,1.2201871871948242,3.0855226516723637,4.932259559631348,0,0,1,0,0,0,0,0,0,1,0,3
10060,FeatureGuideHumanMimic_v4,window2.csv,1,1.2939205169677734,6.609848810512631e-07,7.27628284948878e-05,1.2133033275604248,3.1189498901367188,4.952666282653809,0,0,1,1,0,0,0,0,1,1,1,4
10061,FeatureGuideHumanMimic_v4,window2.csv,1,1.371259093284607,6.657321591774235e-07,7.596189243486151e-05,1.2174057960510254,3.1144461631774902,4.982975482940674,0,0,1,1,0,0,0,0,1,1,1,5
10062,FeatureGuideHumanMimic_v4,window2.csv,1,1.2870935201644895,6.910764227541222e-07,7.987741264514625e-05,1.2159950733184814,3.102982521057129,4.981409072875977,0,0,1,1,0,0,0,0,1,1,1,6
10063,FeatureGuideHumanMimic_v4,window2.csv,1,1.202877402305603,8.771410193730844e-07,0.0001070573052857,1.227155327796936,3.05556321144104,4.983007431030273,0,0,1,0,0,0,0,0,0,1,0,7
10064,FeatureGuideHumanMimic_v4,window2.csv,1,1.135767102241516,1.105751834984403e-06,0.0001473383163101,1.243554711341858,3.0080809593200684,5.001482963562012,0,0,1,0,0,0,0,0,0,1,0,8
10065,FeatureGuideHumanMimic_v4,window2.csv,1,1.1808327436447144,9.186312013298448e-07,0.0001162401240435,1.2337347269058228,3.045681953430176,5.002349853515625,0,0,1,0,0,0,0,0,0,1,0,9
10066,FeatureGuideHumanMimic_v4,window2.csv,1,1.1453827619552612,1.0009185871240334e-06,0.000137130220537,1.2422466278076172,3.021135091781616,5.021223068237305,0,0,1,0,0,0,0,0,0,1,0,10
10067,FeatureGuideHumanMimic_v4,window2.csv,1,1.158944010734558,9.525725772618898e-07,0.0001284385652979,1.2393598556518557,3.031346082687378,5.024448871612549,0,0,1,0,0,0,0,0,0,1,0,11
10068,FeatureGuideHumanMimic_v4,window2.csv,1,1.1548516750335691,9.597525831850362e-07,0.0001345032360404,1.2423566579818726,3.0251142978668213,5.033622741699219,0,0,1,0,0,0,0,0,0,1,0,12
10069,FeatureGuideHumanMimic_v4,window2.csv,1,1.19127094745636,7.463201541213493e-07,9.494640107732266e-05,1.222010850906372,3.0744314193725586,5.009466648101807,0,0,1,0,0,0,0,0,0,1,0,13
10070,FeatureGuideHumanMimic_v4,window2.csv,1,1.2053436040878296,7.530865673288645e-07,9.48377200984396e-05,1.2222625017166138,3.0749123096466064,5.008612632751465,0,0,1,0,0,0,0,0,0,1,0,14
10071,FeatureGuideHumanMimic_v4,window2.csv,1,1.21819806098938,7.583217325191072e-07,9.680326911620796e-05,1.224105954170227,3.072652578353882,5.010039329528809,0,0,1,0,0,0,0,0,0,1,0,15
10072,FeatureGuideHumanMimic_v4,window2.csv,1,1.2482045888900757,7.239414685500378e-07,8.861241076374426e-05,1.218419075012207,3.084649085998535,4.996652603149414,0,0,1,1,0,0,0,0,1,1,1,16
10073,FeatureGuideHumanMimic_v4,window2.csv,1,1.2702488899230957,7.210413741631783e-07,8.648537186672911e-05,1.2173395156860352,3.0884292125701904,4.996663093566895,0,0,1,1,0,0,0,0,1,1,1,17
10074,FeatureGuideHumanMimic_v4,window2.csv,1,1.2912213802337646,7.179611429819488e-07,8.846988930599764e-05,1.219962477684021,3.086514472961426,4.999362945556641,0,0,1,1,0,0,0,0,1,1,1,18
10075,FeatureGuideHumanMimic_v4,window2.csv,1,1.3128613233566284,7.349352131313935e-07,8.925225847633556e-05,1.2206203937530518,3.085411310195923,4.991546154022217,0,0,1,1,0,0,0,0,1,1,1,19
10076,FeatureGuideHumanMimic_v4,window2.csv,1,1.3362733125686646,7.347453561123984e-07,8.788542618276551e-05,1.2164815664291382,3.0843594074249268,4.985307693481445,0,0,1,1,0,0,0,0,1,1,1,20
10077,FeatureGuideHumanMimic_v4,window2.csv,1,1.3584039211273191,7.1819260938355e-07,8.320299093611538e-05,1.2154346704483032,3.0942635536193848,4.986106395721436,0,0,1,1,0,0,0,0,1,1,1,21
10078,FeatureGuideHumanMimic_v4,window2.csv,1,1.3277796506881714,7.117077984730713e-07,8.355823956662789e-05,1.2149726152420044,3.092949390411377,4.986544609069824,0,0,1,1,0,0,0,0,1,1,1,22
10079,FeatureGuideHumanMimic_v4,window2.csv,1,1.323664903640747,6.984548122090928e-07,8.10313576948829e-05,1.2154017686843872,3.099520444869995,4.980876445770264,0,0,1,1,0,0,0,0,1,1,1,23
10080,FeatureGuideHumanMimic_v4,window2.csv,1,1.3071627616882324,6.732154247401922e-07,7.567703141830862e-05,1.2127645015716553,3.110556602478028,4.968163013458252,0,0,1,1,0,0,0,0,1,1,1,24
10081,FeatureGuideHumanMimic_v4,window2.csv,1,1.2958316802978516,6.686201459160657e-07,7.449390250258148e-05,1.2107945680618286,3.1117382049560547,4.962801456451416,0,0,1,1,0,0,0,0,1,1,1,25
10082,FeatureGuideHumanMimic_v4,window2.csv,1,1.285526156425476,6.57865712128114e-07,7.3076575063169e-05,1.2082045078277588,3.112990379333496,4.9564290046691895,0,0,1,1,0,0,0,0,1,1,1,26
10083,FeatureGuideHumanMimic_v4,window2.csv,1,1.2742207050323486,6.465635919994384e-07,7.239994738483801e-05,1.2068538665771484,3.1135003566741943,4.951497554779053,0,0,1,1,0,0,0,0,1,1,1,27
10084,FeatureGuideHumanMimic_v4,window2.csv,1,1.2622456550598145,6.679814532617456e-07,7.490620919270441e-05,1.203627109527588,3.1034669876098637,4.940709114074707,0,0,1,1,0,0,0,0,1,1,1,28
10085,FeatureGuideHumanMimic_v4,window2.csv,1,1.2838258743286133,6.797688456572359e-07,7.443099457304925e-05,1.2046226263046265,3.1057353019714355,4.928886890411377,0,0,1,1,0,0,0,0,1,1,1,29
10086,FeatureGuideHumanMimic_v4,window2.csv,1,1.2823585271835327,6.837250907665293e-07,7.294492388609797e-05,1.2029876708984375,3.1081342697143555,4.923986911773682,0,0,1,1,0,0,0,0,1,1,1,30
10087,FeatureGuideHumanMimic_v4,window2.csv,1,1.23498797416687,6.811945922891027e-07,7.268626359291375e-05,1.2027186155319214,3.1085755825042725,4.9124836921691895,0,0,1,0,0,0,0,0,0,1,0,31
10088,FeatureGuideHumanMimic_v4,window2.csv,1,1.217061161994934,6.941564834050951e-07,7.394271233351901e-05,1.2042908668518066,3.106719970703125,4.901995658874512,0,0,1,0,0,0,0,0,0,1,0,32
10089,FeatureGuideHumanMimic_v4,window2.csv,1,1.1835007667541504,7.24478809388529e-07,7.76474698795937e-05,1.204913854598999,3.097564697265625,4.893039703369141,0,0,1,0,0,0,0,0,0,1,0,33
10090,FeatureGuideHumanMimic_v4,window2.csv,1,1.1750463247299194,7.406690656353021e-07,7.812087278580293e-05,1.2078653573989868,3.0993003845214844,4.883620262145996,0,0,1,0,0,0,0,0,0,1,0,34
10091,FeatureGuideHumanMimic_v4,window2.csv,1,1.157231092453003,7.705008329139673e-07,8.131039794534445e-05,1.208542823791504,3.0919737815856934,4.877542972564697,0,0,1,0,0,0,0,0,0,1,0,35
10092,FeatureGuideHumanMimic_v4,window2.csv,1,1.141987919807434,7.960873062984319e-07,8.383959357161075e-05,1.2092673778533936,3.08657169342041,4.869650363922119,0,0,1,0,0,0,0,0,0,1,0,36
10093,FeatureGuideHumanMimic_v4,window2.csv,1,1.1183364391326904,8.164510063579655e-07,8.737234747968614e-05,1.211313009262085,3.080361843109131,4.8663649559021,0,0,1,0,0,0,0,0,0,1,0,37
10094,FeatureGuideHumanMimic_v4,window2.csv,1,1.1094422340393066,8.489592460136919e-07,9.108511585509405e-05,1.21343731880188,3.074162244796753,4.860730648040772,0,0,1,0,0,0,0,0,0,1,0,38
10095,FeatureGuideHumanMimic_v4,window2.csv,1,1.1021969318389893,8.840357281769684e-07,9.654035966377704e-05,1.2134478092193604,3.062538385391236,4.858169555664063,0,0,1,0,0,0,0,0,0,1,0,39
10096,FeatureGuideHumanMimic_v4,window2.csv,1,1.1332736015319824,9.183789302369404e-07,0.000100545490568,1.2174426317214966,3.0584025382995605,4.855870246887207,0,0,1,0,0,0,0,0,0,1,0,40
10097,FeatureGuideHumanMimic_v4,window2.csv,1,1.1529613733291626,9.625593975215452e-07,0.0001027969119604,1.2222039699554443,3.05873441696167,4.854015350341797,0,0,1,0,0,0,0,0,0,1,0,41
10098,FeatureGuideHumanMimic_v4,window2.csv,1,1.1479275226593018,1.0040630513685755e-06,0.0001099646033253,1.2262649536132812,3.049313306808472,4.850401878356934,0,0,1,0,0,0,0,0,0,1,0,42
10099,FeatureGuideHumanMimic_v4,window2.csv,1,1.1357487440109253,1.0474042255737004e-06,0.0001176200239569,1.2281652688980105,3.0377519130706787,4.855567455291748,0,0,1,0,0,0,0,0,0,1,0,43
10100,FeatureGuideHumanMimic_v4,window2.csv,1,1.1304614543914795,1.1172464837727605e-06,0.0001263271697098,1.230961561203003,3.026263475418091,4.858511924743652,0,0,1,0,0,0,0,0,0,1,0,44
10101,FeatureGuideHumanMimic_v4,window2.csv,1,1.1341251134872437,1.1861671964652487e-06,0.0001380492321914,1.2352449893951416,3.0127973556518555,4.863182067871094,0,0,1,0,0,0,0,0,0,1,0,45
10102,FeatureGuideHumanMimic_v4,window2.csv,1,1.1176663637161257,1.313279085479735e-06,0.0001664823648752,1.242572784423828,2.982663631439209,4.872935771942139,0,0,1,0,0,0,0,0,0,1,0,46
10103,FeatureGuideHumanMimic_v4,window2.csv,1,1.13111412525177,1.3357716852624435e-06,0.0001646619057282,1.2437708377838137,2.9860610961914062,4.878331184387207,0,0,1,0,0,0,0,0,0,1,0,47
10104,FeatureGuideHumanMimic_v4,window2.csv,1,1.1322624683380127,1.3663991467183223e-06,0.0001746637135511,1.2474812269210815,2.977976083755493,4.886196136474609,0,0,1,0,0,0,0,0,0,1,0,48
10105,FeatureGuideHumanMimic_v4,window2.csv,1,1.1368252038955688,1.4196126585375168e-06,0.0001838420721469,1.251746654510498,2.971996784210205,4.8899455070495605,0,0,1,0,0,0,0,0,0,1,0,49
10106,FeatureGuideHumanMimic_v4,window2.csv,1,1.1402714252471924,1.447565068701806e-06,0.000189815138583,1.2539087533950806,2.9677627086639404,4.891479969024658,0,0,1,0,0,0,0,0,0,1,0,50
10107,FeatureGuideHumanMimic_v4,window2.csv,1,1.140849232673645,1.4666761671833228e-06,0.0001955504703801,1.2557058334350586,2.9636051654815674,4.900657653808594,0,0,1,0,0,0,0,0,0,1,0,51
10108,FeatureGuideHumanMimic_v4,window2.csv,1,1.118716597557068,1.5151149455050472e-06,0.0002091008936986,1.2591696977615356,2.9536666870117188,4.915396213531494,0,0,1,0,0,0,0,0,0,1,0,52
10109,FeatureGuideHumanMimic_v4,window2.csv,1,1.116976618766785,1.4971820974096772e-06,0.0001995637139771,1.258354902267456,2.9621903896331787,4.911123752593994,0,0,1,0,0,0,0,0,0,1,0,53
10110,FeatureGuideHumanMimic_v4,window2.csv,1,1.074463963508606,1.4704212389915483e-06,0.0001987935975193,1.2598048448562622,2.964413642883301,4.922651290893555,0,0,1,0,0,0,0,0,0,1,0,54
10136,FeatureGuideHumanMimic_v4,window2.csv,1,1.0664961338043213,9.85055976343574e-07,0.0001377464068355,1.2427154779434204,3.020707130432129,4.9973649978637695,0,0,1,0,0,0,0,0,0,1,0,80
10137,FeatureGuideHumanMimic_v4,window2.csv,1,1.1252164840698242,9.43699603794812e-07,0.0001348384103039,1.242945909500122,3.025205612182617,5.008886814117432,0,0,1,0,0,0,0,0,0,1,0,81
10138,FeatureGuideHumanMimic_v4,window2.csv,1,1.1885457038879397,9.330005354968308e-07,0.0001344532211078,1.2431942224502563,3.0260262489318848,5.019235610961914,0,0,1,0,0,0,0,0,0,1,0,82
10139,FeatureGuideHumanMimic_v4,window2.csv,1,1.220823049545288,9.401881584381044e-07,0.0001328078360529,1.2411630153656006,3.0264580249786377,5.028876781463623,0,0,1,0,0,0,0,0,0,1,0,83
10140,FeatureGuideHumanMimic_v4,window2.csv,1,1.2703394889831543,8.782116651673277e-07,0.000124849655549,1.2390421628952026,3.0366973876953125,5.03632116317749,0,0,1,1,0,0,0,0,1,1,1,84
10141,FeatureGuideHumanMimic_v4,window2.csv,1,1.3194808959960938,8.312465524795698e-07,0.0001173863056465,1.2350059747695925,3.044990539550781,5.03834867477417,0,0,1,1,0,0,0,0,1,1,1,85
10142,FeatureGuideHumanMimic_v4,window2.csv,1,1.365312933921814,7.78713115323626e-07,0.0001090797231881,1.231147527694702,3.055812120437622,5.038494110107422,0,0,1,1,0,0,0,0,1,1,1,86
10143,FeatureGuideHumanMimic_v4,window2.csv,1,1.4091662168502808,7.369495165221451e-07,0.000101248442661,1.2272446155548096,3.0668110847473145,5.034674167633057,0,0,1,1,0,0,0,0,1,1,1,87
10144,FeatureGuideHumanMimic_v4,window2.csv,1,1.4408209323883057,7.056347044454014e-07,9.511831012787296e-05,1.2242919206619265,3.076350688934326,5.0297722816467285,0,0,1,1,0,0,0,0,1,1,1,88
10145,FeatureGuideHumanMimic_v4,window2.csv,1,1.4460432529449463,6.807231329730712e-07,8.85855479282327e-05,1.2210887670516968,3.0873794555664062,5.022208690643311,0,0,1,1,0,0,0,0,1,1,1,89
10146,FeatureGuideHumanMimic_v4,window2.csv,1,1.4100632667541504,6.527125151478685e-07,8.269682439276949e-05,1.218700647354126,3.098749876022339,5.012803554534912,0,0,1,1,0,0,0,0,1,1,1,90
10147,FeatureGuideHumanMimic_v4,window2.csv,1,1.392330765724182,6.314811571428436e-07,7.701828144490719e-05,1.2151981592178345,3.109476327896118,5.000519275665283,0,0,1,1,0,0,0,0,1,1,1,91
10148,FeatureGuideHumanMimic_v4,window2.csv,1,1.3799355030059814,6.0824532965853e-07,7.282794103957713e-05,1.2135205268859863,3.118988037109375,4.987701416015625,0,0,1,1,0,0,0,0,1,1,1,92
10149,FeatureGuideHumanMimic_v4,window2.csv,1,1.3542649745941162,6.005951718179858e-07,7.013646245468408e-05,1.2116308212280271,3.1246304512023926,4.973148822784424,0,0,1,1,0,0,0,0,1,1,1,93
10150,FeatureGuideHumanMimic_v4,window2.csv,1,1.3479992151260376,5.991814759909175e-07,6.821426359238103e-05,1.209790825843811,3.128348588943481,4.961695194244385,0,0,1,1,0,0,0,0,1,1,1,94
10151,FeatureGuideHumanMimic_v4,window2.csv,1,1.337870717048645,6.017762075316568e-07,6.736497016390786e-05,1.207851767539978,3.128915309906006,4.952026844024658,0,0,1,1,0,0,0,0,1,1,1,95
10152,FeatureGuideHumanMimic_v4,window2.csv,1,1.3023767471313477,5.979929937893758e-07,6.675210170214996e-05,1.208105206489563,3.1309969425201416,4.939774990081787,0,0,1,1,0,0,0,0,1,1,1,96
10153,FeatureGuideHumanMimic_v4,window2.csv,1,1.2936396598815918,6.102504244154261e-07,6.681578088318929e-05,1.2069942951202393,3.129695177078247,4.925811290740967,0,0,1,1,0,0,0,0,1,1,1,97
10154,FeatureGuideHumanMimic_v4,window2.csv,1,1.2837713956832886,6.19453317085572e-07,6.608301919186488e-05,1.207357406616211,3.1322638988494877,4.912416934967041,0,0,1,1,0,0,0,0,1,1,1,98
10155,FeatureGuideHumanMimic_v4,window2.csv,1,1.2802506685256958,6.25784082330938e-07,6.63149548927322e-05,1.2093425989151,3.1335482597351074,4.899812698364258,0,0,1,1,0,0,0,0,1,1,1,99
10156,FeatureGuideHumanMimic_v4,window2.csv,1,1.2835474014282229,6.43347334516875e-07,6.662402302026749e-05,1.2098253965377808,3.133101224899292,4.8880295753479,0,0,1,1,0,0,0,0,1,1,1,100
10157,FeatureGuideHumanMimic_v4,window2.csv,1,1.2816449403762815,6.666330136795295e-07,6.790681800339371e-05,1.2094955444335938,3.128956794738769,4.877618789672852,0,0,1,1,0,0,0,0,1,1,1,101
10158,FeatureGuideHumanMimic_v4,window2.csv,1,1.2837133407592771,6.892611850162211e-07,6.925286288606003e-05,1.2097821235656738,3.125317335128784,4.865447521209717,0,0,1,1,0,0,0,0,1,1,1,102
10159,FeatureGuideHumanMimic_v4,window2.csv,1,1.2781778573989868,7.042196443762805e-07,6.960058090044186e-05,1.2108677625656128,3.125401258468628,4.861381530761719,0,0,1,1,0,0,0,0,1,1,1,103
10160,FeatureGuideHumanMimic_v4,window2.csv,1,1.2619060277938845,7.167393505369546e-07,7.104351971065626e-05,1.209653377532959,3.1200826168060303,4.855216503143311,0,0,1,1,0,0,0,0,1,1,1,104
10161,FeatureGuideHumanMimic_v4,window2.csv,1,1.230615735054016,7.431517587974668e-07,7.327377534238622e-05,1.2125592231750488,3.116806030273437,4.842457294464111,0,0,1,0,0,0,0,0,0,1,0,105
10162,FeatureGuideHumanMimic_v4,window2.csv,1,1.197596788406372,7.696687589486828e-07,7.777189603075385e-05,1.2158602476119995,3.1081910133361816,4.833316326141357,0,0,1,0,0,0,0,0,0,1,0,106
10163,FeatureGuideHumanMimic_v4,window2.csv,1,1.198992133140564,8.044863761824672e-07,8.000274101505056e-05,1.2177835702896118,3.104457378387451,4.824432849884033,0,0,1,0,0,0,0,0,0,1,0,107
10164,FeatureGuideHumanMimic_v4,window2.csv,1,1.17333984375,8.237990414272645e-07,8.313384023495018e-05,1.2201663255691528,3.0991616249084477,4.819869518280029,0,0,1,0,0,0,0,0,0,1,0,108
10165,FeatureGuideHumanMimic_v4,window2.csv,1,1.181007742881775,8.953346082307689e-07,8.939579129219055e-05,1.2221194505691528,3.086588859558105,4.80668306350708,0,0,1,0,0,0,0,0,0,1,0,109
10166,FeatureGuideHumanMimic_v4,window2.csv,1,1.1624387502670288,8.877421464603685e-07,9.330186003353448e-05,1.2261730432510376,3.0820884704589844,4.8123064041137695,0,0,1,0,0,0,0,0,0,1,0,110
10167,FeatureGuideHumanMimic_v4,window2.csv,1,1.1688557863235474,9.57662564360362e-07,0.0001008067192742,1.2300279140472412,3.07046890258789,4.8040876388549805,0,0,1,0,0,0,0,0,0,1,0,111
10168,FeatureGuideHumanMimic_v4,window2.csv,1,1.1639915704727173,1.0355521453675465e-06,0.000111058128823,1.2342042922973633,3.055273532867432,4.800472259521484,0,0,1,0,0,0,0,0,0,1,0,112
10169,FeatureGuideHumanMimic_v4,window2.csv,1,1.1470712423324585,1.0905664566962514e-06,0.0001222293794853,1.2401249408721924,3.042022705078125,4.801105976104736,0,0,1,0,0,0,0,0,0,1,0,113
10170,FeatureGuideHumanMimic_v4,window2.csv,1,1.1420190334320068,1.1787763014581287e-06,0.0001364101917715,1.245991826057434,3.0259335041046143,4.798118114471436,0,0,1,0,0,0,0,0,0,1,0,114
10171,FeatureGuideHumanMimic_v4,window2.csv,1,1.1187058687210083,1.2324710496613989e-06,0.0001514665345894,1.2526828050613403,3.0116817951202397,4.806578159332275,0,0,1,0,0,0,0,0,0,1,0,115
10172,FeatureGuideHumanMimic_v4,window2.csv,1,1.1084555387496948,1.3192266123951413e-06,0.0001661613641772,1.2581671476364136,2.9986443519592285,4.805363178253174,0,0,1,0,0,0,0,0,0,1,0,116
10173,FeatureGuideHumanMimic_v4,window2.csv,1,1.107692837715149,1.4361178273247788e-06,0.0001951048034243,1.2627928256988523,2.9711484909057617,4.814019203186035,0,0,1,0,0,0,0,0,0,1,0,117
10174,FeatureGuideHumanMimic_v4,window2.csv,1,1.1166096925735474,1.5271845086317626e-06,0.0002091764617944,1.2706083059310913,2.965033054351806,4.813235759735107,0,0,1,0,0,0,0,0,0,1,0,118
10175,FeatureGuideHumanMimic_v4,window2.csv,1,1.1075948476791382,1.5386809764095233e-06,0.0002093179209623,1.2683314085006714,2.962620973587036,4.8279571533203125,0,0,1,0,0,0,0,0,0,1,0,119
10176,FeatureGuideHumanMimic_v4,window2.csv,1,1.1391594409942627,1.3245628451841185e-06,0.0001758885628078,1.257765769958496,2.9868626594543457,4.8448872566223145,0,0,1,0,0,0,0,0,0,1,0,120
10179,FeatureGuideHumanMimic_v4,window2.csv,1,0.8447585105895996,0.523562490940094,0.2493356764316558,1.9087167978286743,2.129148483276367,4.740774154663086,1,0,0,0,0,1,1,1,1,1,1,123
10181,FeatureGuideHumanMimic_v4,window2.csv,1,1.4913523197174072,3.036318958038464e-06,0.0002370202419115,1.247347354888916,2.9167728424072266,4.881761074066162,0,0,1,1,0,0,0,0,1,1,1,125
10182,FeatureGuideHumanMimic_v4,window2.csv,1,1.5400341749191284,1.8310746554561772e-06,0.0001550156157463,1.234772801399231,2.9891388416290283,4.846088886260986,0,0,1,1,0,0,0,0,1,1,1,126
10183,FeatureGuideHumanMimic_v4,window2.csv,1,1.4530166387557983,1.4094600828684634e-06,0.0001256464893231,1.2195512056350708,3.0159337520599365,4.865292549133301,0,0,1,1,0,0,0,0,1,1,1,127
10184,FeatureGuideHumanMimic_v4,window2.csv,1,1.361429214477539,1.012749976325722e-06,8.659966988489032e-05,1.2042847871780396,3.07511043548584,4.884216785430908,0,0,1,1,0,0,0,0,1,1,1,128
10185,FeatureGuideHumanMimic_v4,window2.csv,1,1.3534741401672363,9.928547797244391e-07,9.0084140538238e-05,1.2038452625274658,3.066780567169189,4.88414478302002,0,0,1,1,0,0,0,0,1,1,1,129
10186,FeatureGuideHumanMimic_v4,window2.csv,1,1.3187518119812012,8.48875060910359e-07,9.001322905533016e-05,1.2181285619735718,3.081221342086792,4.918359756469727,0,0,1,1,0,0,0,0,1,1,1,130
10187,FeatureGuideHumanMimic_v4,window2.csv,1,1.3117986917495728,7.359732876466296e-07,8.632281242171302e-05,1.2252795696258545,3.096745729446411,4.934372901916504,0,0,1,1,0,0,0,0,1,1,1,131
10188,FeatureGuideHumanMimic_v4,window2.csv,1,1.2428241968154907,7.240491868287791e-07,8.660346793476492e-05,1.2315773963928225,3.1023943424224854,4.928257465362549,0,0,1,0,0,0,0,0,0,1,0,132
10189,FeatureGuideHumanMimic_v4,window2.csv,1,1.1725258827209473,7.146419420678285e-07,8.845133561408147e-05,1.2312766313552856,3.0978705883026123,4.92446231842041,0,0,1,0,0,0,0,0,0,1,0,133
10190,FeatureGuideHumanMimic_v4,window2.csv,1,1.1208491325378418,7.034778377601469e-07,8.759851334616542e-05,1.2337275743484497,3.102259397506714,4.917485237121582,0,0,1,0,0,0,0,0,0,1,0,134
10191,FeatureGuideHumanMimic_v4,window2.csv,1,1.0718010663986206,7.066253147058887e-07,8.728989632800221e-05,1.234763503074646,3.10400128364563,4.907793998718262,0,0,1,0,0,0,0,0,0,1,0,135
10249,FeatureGuideHumanMimic_v4,window3.csv,1,1.890974044799805,0.9999998807907104,0.9991303086280824,2.864382266998291,1.455081820487976,5.156853675842285,1,1,1,1,0,1,1,1,1,1,1,0
10250,FeatureGuideHumanMimic_v4,window3.csv,1,1.7752223014831543,0.9999997615814208,0.9988211989402772,2.837666749954224,1.4892512559890747,5.184763908386231,1,1,1,1,0,1,1,1,1,1,1,1
10251,FeatureGuideHumanMimic_v4,window3.csv,1,1.6923017501831057,0.9999998807907104,0.999126136302948,2.878007411956787,1.4696731567382812,5.146884441375732,1,1,1,1,0,1,1,1,1,1,1,2
10252,FeatureGuideHumanMimic_v4,window3.csv,1,1.6191041469573977,0.9999998807907104,0.99935382604599,2.923891067504883,1.4551382064819336,5.1091389656066895,1,1,1,1,0,1,1,1,1,1,1,3
10253,FeatureGuideHumanMimic_v4,window3.csv,1,1.651474952697754,0.9999998807907104,0.9993804693222046,2.9314441680908203,1.4542378187179563,5.094552993774414,1,1,1,1,0,1,1,1,1,1,1,4
10254,FeatureGuideHumanMimic_v4,window3.csv,1,1.7653100490570068,0.9999998807907104,0.9990623593330384,2.8620197772979736,1.4677927494049072,5.279829502105713,1,1,1,1,0,1,1,1,1,1,1,5
10255,FeatureGuideHumanMimic_v4,window3.csv,1,1.664430022239685,0.9999998807907104,0.9993404746055604,2.910480260848999,1.4457943439483645,5.218146324157715,1,1,1,1,0,1,1,1,1,1,1,6
10256,FeatureGuideHumanMimic_v4,window3.csv,1,1.5134397745132446,1.0,0.99958735704422,2.975229501724243,1.4167249202728271,5.133982181549072,1,1,1,1,0,1,1,1,1,1,1,7
10257,FeatureGuideHumanMimic_v4,window3.csv,1,1.4612942934036257,1.0,0.9996215105056764,2.98904800415039,1.4132601022720337,5.0954365730285645,1,1,1,1,0,1,1,1,1,1,1,8
10258,FeatureGuideHumanMimic_v4,window3.csv,1,1.437122821807861,1.0,0.9996548891067504,3.0016398429870605,1.4073753356933594,5.080591678619385,1,1,1,1,0,1,1,1,1,1,1,9
10259,FeatureGuideHumanMimic_v4,window3.csv,1,1.4386636018753052,0.9999998807907104,0.999636173248291,2.998102188110352,1.4144161939620972,5.070017337799072,1,1,1,1,0,1,1,1,1,1,1,10
10260,FeatureGuideHumanMimic_v4,window3.csv,1,1.4371185302734375,0.9999998807907104,0.999632716178894,2.9957821369171143,1.4140011072158811,5.057954788208008,1,1,1,1,0,1,1,1,1,1,1,11
10261,FeatureGuideHumanMimic_v4,window3.csv,1,1.4355937242507937,0.9999998807907104,0.9996114373207092,2.991177797317505,1.4206762313842771,5.061237812042236,1,1,1,1,0,1,1,1,1,1,1,12
10262,FeatureGuideHumanMimic_v4,window3.csv,1,1.467752456665039,0.9999998807907104,0.9995670914649964,2.985459327697754,1.4365203380584717,5.081080436706543,1,1,1,1,0,1,1,1,1,1,1,13
10263,FeatureGuideHumanMimic_v4,window3.csv,1,1.4955490827560425,0.9999998807907104,0.99949049949646,2.967629909515381,1.4513112306594849,5.121271133422852,1,1,1,1,0,1,1,1,1,1,1,14
10264,FeatureGuideHumanMimic_v4,window3.csv,1,1.5145559310913086,0.9999998807907104,0.9994776844978333,2.968125343322754,1.4567734003067017,5.1309814453125,1,1,1,1,0,1,1,1,1,1,1,15
10265,FeatureGuideHumanMimic_v4,window3.csv,1,1.634508728981018,0.9999996423721312,0.9989892840385436,2.8980093002319336,1.5187928676605225,5.228485584259033,1,1,1,1,0,1,1,1,1,1,1,16
10266,FeatureGuideHumanMimic_v4,window3.csv,1,1.6439188718795776,0.9999997615814208,0.9992209672927856,2.9196505546569824,1.4883160591125488,5.231837272644043,1,1,1,1,0,1,1,1,1,1,1,17
10267,FeatureGuideHumanMimic_v4,window3.csv,1,1.7037965059280396,0.9999991655349731,0.9985584616661072,2.816190481185913,1.5080780982971191,5.326297283172607,1,1,1,1,0,1,1,1,1,1,1,18
10268,FeatureGuideHumanMimic_v4,window3.csv,1,1.286148190498352,0.8630354404449463,0.5037309527397156,2.0649256706237797,2.061940908432007,5.235293388366699,1,1,1,1,0,1,1,1,1,1,1,19
10269,FeatureGuideHumanMimic_v4,window3.csv,1,2.0431013107299805,6.977471684876946e-07,8.649914525449276e-05,1.2270798683166504,3.098137855529785,4.930145740509033,0,0,1,1,0,0,0,0,1,1,1,20
10270,FeatureGuideHumanMimic_v4,window3.csv,1,1.9426920413970947,7.015724463599327e-07,7.982571696629748e-05,1.2263058423995972,3.1134228706359863,4.895595073699951,0,0,1,1,0,0,0,0,1,1,1,21
10271,FeatureGuideHumanMimic_v4,window3.csv,1,2.0058512687683105,2.270218828925863e-06,0.0001842523488448,1.207872748374939,2.9276766777038574,5.037103176116943,0,0,1,1,0,0,0,0,1,1,1,22
10272,FeatureGuideHumanMimic_v4,window3.csv,1,1.8368558883666992,7.924914484647161e-07,8.63539389683865e-05,1.2242001295089722,3.0955941677093506,4.863770961761475,0,0,1,1,0,0,0,0,1,1,1,23
10273,FeatureGuideHumanMimic_v4,window3.csv,1,1.7952934503555298,8.223884719882335e-07,9.177614992950112e-05,1.2282817363739014,3.0874950885772705,4.857553482055664,0,0,1,1,0,0,0,0,1,1,1,24
10274,FeatureGuideHumanMimic_v4,window3.csv,1,1.7863354682922363,8.289950983453309e-07,9.456878615310416e-05,1.2296139001846311,3.082831621170044,4.864508152008057,0,0,1,1,0,0,0,0,1,1,1,25
10275,FeatureGuideHumanMimic_v4,window3.csv,1,1.5415618419647217,8.630848242319189e-06,0.0002878085069824,1.2199870347976685,2.8505725860595703,4.9094085693359375,0,0,1,1,0,0,0,0,1,1,1,26
10276,FeatureGuideHumanMimic_v4,window3.csv,1,1.6680678129196167,2.484137894498417e-06,0.0001368956873193,1.1818907260894775,2.9611215591430664,4.980512619018555,0,0,1,1,0,0,0,0,1,1,1,27
10277,FeatureGuideHumanMimic_v4,window3.csv,1,1.6989398002624512,8.966309223978897e-07,0.0001053690721164,1.233640193939209,3.0652272701263428,4.886284351348877,0,0,1,1,0,0,0,0,1,1,1,28
10278,FeatureGuideHumanMimic_v4,window3.csv,1,1.6483347415924072,9.650631227486883e-07,0.0001153926205006,1.2348347902297974,3.048245668411255,4.886782169342041,0,0,1,1,0,0,0,0,1,1,1,29
10279,FeatureGuideHumanMimic_v4,window3.csv,1,1.63635516166687,9.559324780639145e-07,0.0001163989581982,1.235401272773743,3.0470752716064453,4.899569511413574,0,0,1,1,0,0,0,0,1,1,1,30
10280,FeatureGuideHumanMimic_v4,window3.csv,1,1.559556007385254,1.0406794217487914e-06,0.0001297568378504,1.2401150465011597,3.0300588607788086,4.896857738494873,0,0,1,1,0,0,0,0,1,1,1,31
10281,FeatureGuideHumanMimic_v4,window3.csv,1,1.507280707359314,1.169830625258328e-06,0.0001500428334111,1.2435132265090942,3.004401206970215,4.902612209320068,0,0,1,1,0,0,0,0,1,1,1,32
10282,FeatureGuideHumanMimic_v4,window3.csv,1,1.6319429874420166,7.626158549101092e-07,9.653004963183776e-05,1.227627158164978,3.0767390727996826,4.953056812286377,0,0,1,1,0,0,0,0,1,1,1,33
10283,FeatureGuideHumanMimic_v4,window3.csv,1,1.757205843925476,7.133971280381957e-07,9.551677794661372e-05,1.2231625318527222,3.074385166168213,5.037508487701416,0,0,1,1,0,0,0,0,1,1,1,34
10284,FeatureGuideHumanMimic_v4,window3.csv,1,1.6923285722732544,6.61442697946768e-07,8.496208465658128e-05,1.222077488899231,3.0967214107513428,5.002196311950684,0,0,1,1,0,0,0,0,1,1,1,35
10285,FeatureGuideHumanMimic_v4,window3.csv,1,1.7086637020111084,6.909610874572536e-07,9.367021266371012e-05,1.2236541509628296,3.0787816047668457,5.032965183258057,0,0,1,1,0,0,0,0,1,1,1,36
10286,FeatureGuideHumanMimic_v4,window3.csv,1,1.6385281085968018,6.770605409656127e-07,9.06388959265314e-05,1.2250380516052246,3.086745262145996,5.017815113067627,0,0,1,1,0,0,0,0,1,1,1,37
10287,FeatureGuideHumanMimic_v4,window3.csv,1,1.572543382644653,6.462855708377901e-07,8.163849997799844e-05,1.2231601476669312,3.105785846710205,5.000794410705566,0,0,1,1,0,0,0,0,1,1,1,38
10288,FeatureGuideHumanMimic_v4,window3.csv,1,1.5578066110610962,6.460975896516175e-07,8.150393841788173e-05,1.2216861248016355,3.1046416759490967,5.001100063323975,0,0,1,1,0,0,0,0,1,1,1,39
10289,FeatureGuideHumanMimic_v4,window3.csv,1,1.452800154685974,7.765484042465687e-07,9.721157402964308e-05,1.2243030071258545,3.072007656097412,4.958542346954346,0,0,1,1,0,0,0,0,1,1,1,40
10290,FeatureGuideHumanMimic_v4,window3.csv,1,1.4786946773529053,6.158818450785475e-07,7.67885212553665e-05,1.2153033018112185,3.1101789474487305,4.991694450378418,0,0,1,1,0,0,0,0,1,1,1,41
10291,FeatureGuideHumanMimic_v4,window3.csv,1,1.488989233970642,6.113274366725818e-07,7.620799442520365e-05,1.2143107652664185,3.110704183578491,4.995172500610352,0,0,1,1,0,0,0,0,1,1,1,42
10292,FeatureGuideHumanMimic_v4,window3.csv,1,1.47741961479187,5.970903202978661e-07,7.444114453392103e-05,1.2124077081680298,3.1134932041168213,4.9910807609558105,0,0,1,1,0,0,0,0,1,1,1,43
10293,FeatureGuideHumanMimic_v4,window3.csv,1,1.4869344234466553,5.937242804066045e-07,7.438608008669689e-05,1.2125266790390017,3.113760232925415,4.993336200714111,0,0,1,1,0,0,0,0,1,1,1,44
10294,FeatureGuideHumanMimic_v4,window3.csv,1,1.4861277341842651,5.869773644917586e-07,7.348488725256175e-05,1.2123277187347412,3.115999221801758,4.989199638366699,0,0,1,1,0,0,0,0,1,1,1,45
10295,FeatureGuideHumanMimic_v4,window3.csv,1,1.502270221710205,5.985224333926453e-07,7.393185660475865e-05,1.21171772480011,3.1141762733459477,4.979703426361084,0,0,1,1,0,0,0,0,1,1,1,46
10296,FeatureGuideHumanMimic_v4,window3.csv,1,1.5032135248184204,5.820074875373393e-07,6.887253402965143e-05,1.2117754220962524,3.1284122467041016,4.974491596221924,0,0,1,1,0,0,0,0,1,1,1,47
10297,FeatureGuideHumanMimic_v4,window3.csv,1,1.487557291984558,5.800398525934725e-07,6.787075835745782e-05,1.2110010385513306,3.130568504333496,4.9635114669799805,0,0,1,1,0,0,0,0,1,1,1,48
10298,FeatureGuideHumanMimic_v4,window3.csv,1,1.4643927812576294,5.90125011967757e-07,6.697602657368407e-05,1.2091995477676392,3.1314213275909424,4.950814723968506,0,0,1,1,0,0,0,0,1,1,1,49
10299,FeatureGuideHumanMimic_v4,window3.csv,1,1.438238263130188,6.07656829743064e-07,6.827517063356936e-05,1.2097485065460205,3.1281275749206543,4.937017917633057,0,0,1,1,0,0,0,0,1,1,1,50
10300,FeatureGuideHumanMimic_v4,window3.csv,1,1.426216959953308,6.068744369258638e-07,6.684535037493333e-05,1.2126364707946775,3.135248899459839,4.930099964141846,0,0,1,1,0,0,0,0,1,1,1,51
10301,FeatureGuideHumanMimic_v4,window3.csv,1,1.4079536199569702,6.288837539614178e-07,6.768202729290351e-05,1.21133291721344,3.1314573287963867,4.922811508178711,0,0,1,1,0,0,0,0,1,1,1,52
10302,FeatureGuideHumanMimic_v4,window3.csv,1,1.3784465789794922,6.578343345609028e-07,6.966100772842765e-05,1.2086269855499268,3.122987031936645,4.9140448570251465,0,0,1,1,0,0,0,0,1,1,1,53
10303,FeatureGuideHumanMimic_v4,window3.csv,1,1.3328474760055542,6.661537668151141e-07,7.064620876917616e-05,1.2087310552597046,3.1202821731567383,4.911166191101074,0,0,1,1,0,0,0,0,1,1,1,54
10304,FeatureGuideHumanMimic_v4,window3.csv,1,1.2739320993423462,6.679420607724751e-07,7.205342990346253e-05,1.208393931388855,3.116000175476074,4.913400173187256,0,0,1,1,0,0,0,0,1,1,1,55
10305,FeatureGuideHumanMimic_v4,window3.csv,1,1.2117841243743896,6.86982048136997e-07,7.543320680269971e-05,1.208728909492493,3.107166290283203,4.908806800842285,0,0,1,0,0,0,0,0,0,1,0,56
10306,FeatureGuideHumanMimic_v4,window3.csv,1,1.1408594846725464,7.18927310572326e-07,8.040473039727658e-05,1.2112222909927368,3.096893787384033,4.89964771270752,0,0,1,0,0,0,0,0,0,1,0,57
10307,FeatureGuideHumanMimic_v4,window3.csv,1,1.0757198333740234,7.533423627137381e-07,8.575293031753972e-05,1.2152867317199707,3.0880777835845947,4.892882347106934,0,0,1,0,0,0,0,0,0,1,0,58
10315,FeatureGuideHumanMimic_v4,window4.csv,1,1.5745689868927002,0.9999998807907104,0.999621033668518,2.9744420051574707,1.3988758325576782,5.110372066497803,1,1,1,1,0,1,1,1,1,1,1,0
10316,FeatureGuideHumanMimic_v4,window4.csv,1,1.4234668016433716,0.9999998807907104,0.999536395072937,2.95090126991272,1.4157284498214722,5.112474918365479,1,1,1,1,0,1,1,1,1,1,1,1
10317,FeatureGuideHumanMimic_v4,window4.csv,1,1.3102518320083618,0.9999998807907104,0.9995999932289124,2.9749341011047363,1.4101961851119995,5.094244003295898,1,1,1,1,0,1,1,1,1,1,1,2
10318,FeatureGuideHumanMimic_v4,window4.csv,1,1.307402491569519,0.9999998807907104,0.9994311928749084,2.9300782680511475,1.4357978105545044,5.1192946434021,1,1,1,1,0,1,1,1,1,1,1,3
10319,FeatureGuideHumanMimic_v4,window4.csv,1,1.2980822324752808,0.9999998807907104,0.9994435906410216,2.912805318832397,1.4141212701797483,5.057816505432129,1,1,1,1,0,1,1,1,1,1,1,4
10320,FeatureGuideHumanMimic_v4,window4.csv,1,1.2541861534118652,0.9999998807907104,0.999567449092865,2.953768491744995,1.4046741724014282,5.068535804748535,1,1,1,1,0,1,1,1,1,1,1,5
10321,FeatureGuideHumanMimic_v4,window4.csv,1,1.250280499458313,0.9999998807907104,0.9995554089546204,2.951829433441162,1.4082175493240356,5.079829216003418,1,1,1,1,0,1,1,1,1,1,1,6
10322,FeatureGuideHumanMimic_v4,window4.csv,1,1.2611020803451538,0.9999998807907104,0.9995216131210328,2.942058563232422,1.4131603240966797,5.106535911560059,1,1,1,1,0,1,1,1,1,1,1,7
10323,FeatureGuideHumanMimic_v4,window4.csv,1,1.3262161016464231,0.9999998807907104,0.9994888305664062,2.936505079269409,1.4208390712738037,5.126119136810303,1,1,1,1,0,1,1,1,1,1,1,8
10324,FeatureGuideHumanMimic_v4,window4.csv,1,1.431241154670715,0.9999998807907104,0.999381184577942,2.9149203300476074,1.4374788999557495,5.152014255523682,1,1,1,1,0,1,1,1,1,1,1,9
10325,FeatureGuideHumanMimic_v4,window4.csv,1,1.5128085613250732,0.9999998807907104,0.9991961121559144,2.888044834136963,1.4629873037338257,5.181773662567139,1,1,1,1,0,1,1,1,1,1,1,10
10326,FeatureGuideHumanMimic_v4,window4.csv,1,1.4479050636291504,0.9999998807907104,0.999382734298706,2.9223392009735107,1.4444031715393066,5.134376525878906,1,1,1,1,0,1,1,1,1,1,1,11
10327,FeatureGuideHumanMimic_v4,window4.csv,1,1.4335914850234983,0.9999998807907104,0.9994271993637084,2.934457302093506,1.4415795803070068,5.121540069580078,1,1,1,1,0,1,1,1,1,1,1,12
10328,FeatureGuideHumanMimic_v4,window4.csv,1,1.3432090282440186,1.0,0.9995561242103576,2.9641354084014893,1.4202053546905518,5.086601257324219,1,1,1,1,0,1,1,1,1,1,1,13
10329,FeatureGuideHumanMimic_v4,window4.csv,1,1.2933999300003052,1.0,0.9995797276496888,2.958937406539917,1.404073715209961,5.088411808013916,1,1,1,1,0,1,1,1,1,1,1,14
10330,FeatureGuideHumanMimic_v4,window4.csv,1,1.266023874282837,0.9999998807907104,0.99959534406662,2.9610280990600586,1.398616075515747,5.076744079589844,1,1,1,1,0,1,1,1,1,1,1,15
10331,FeatureGuideHumanMimic_v4,window4.csv,1,1.229521632194519,0.9999998807907104,0.9996250867843628,2.977291345596313,1.399586796760559,5.073131084442139,1,1,1,0,0,1,1,1,1,1,1,16
10332,FeatureGuideHumanMimic_v4,window4.csv,1,1.1914384365081787,1.0,0.9996569156646729,2.989905595779419,1.394434094429016,5.072361469268799,1,1,1,0,0,1,1,1,1,1,1,17
10333,FeatureGuideHumanMimic_v4,window4.csv,1,1.178612470626831,0.9999998807907104,0.999624729156494,2.9804043769836426,1.4028741121292114,5.08239221572876,1,1,1,0,0,1,1,1,1,1,1,18
10334,FeatureGuideHumanMimic_v4,window4.csv,1,1.122544288635254,0.9999998807907104,0.9996747970581056,2.9958479404449463,1.389725685119629,5.080141544342041,1,1,1,0,0,1,1,1,1,1,1,19
10335,FeatureGuideHumanMimic_v4,window4.csv,1,1.0927221775054932,1.0,0.99967360496521,2.987680196762085,1.3822802305221558,5.095502853393555,1,1,1,0,0,1,1,1,1,1,1,20
10336,FeatureGuideHumanMimic_v4,window4.csv,1,1.0902795791625977,0.9999998807907104,0.9996484518051147,2.9744839668273926,1.3839260339736938,5.088405132293701,1,1,1,0,0,1,1,1,1,1,1,21
10337,FeatureGuideHumanMimic_v4,window4.csv,1,1.0511714220046997,0.9999998807907104,0.9996455907821656,2.978545904159546,1.38960599899292,5.088266372680664,1,1,0,0,0,1,1,1,1,1,1,22
10338,FeatureGuideHumanMimic_v4,window4.csv,1,1.0350017547607422,0.9999998807907104,0.9996517896652222,2.9813897609710693,1.388899803161621,5.100916385650635,1,1,0,0,0,1,1,1,1,1,1,23
10339,FeatureGuideHumanMimic_v4,window4.csv,1,1.0192087888717651,0.9999998807907104,0.9996479749679564,2.975058317184448,1.3847771883010864,5.111732006072998,1,1,0,0,0,1,1,1,1,1,1,24
10340,FeatureGuideHumanMimic_v4,window4.csv,1,1.015703558921814,1.0,0.9996435642242432,2.975259065628052,1.387462854385376,5.121138095855713,1,1,0,0,0,1,1,1,1,1,1,25
10341,FeatureGuideHumanMimic_v4,window4.csv,1,1.01571524143219,1.0,0.9996387958526612,2.972898483276367,1.3877530097961426,5.125032901763916,1,1,0,0,0,1,1,1,1,1,1,26
10342,FeatureGuideHumanMimic_v4,window4.csv,1,1.0238854885101318,0.9999998807907104,0.99960857629776,2.9639716148376465,1.3948947191238403,5.1324872970581055,1,1,0,0,0,1,1,1,1,1,1,27
10343,FeatureGuideHumanMimic_v4,window4.csv,1,1.0179368257522583,1.0,0.999626874923706,2.9693078994750977,1.39067804813385,5.139451503753662,1,1,0,0,0,1,1,1,1,1,1,28
10344,FeatureGuideHumanMimic_v4,window4.csv,1,1.0407146215438845,0.9999998807907104,0.9995273351669312,2.925086736679077,1.3937500715255735,5.173232078552246,1,1,0,0,0,1,1,1,1,1,1,29
10352,FeatureGuideHumanMimic_v4,window4.csv,1,1.1575794219970703,0.9999998807907104,0.9994614720344543,2.9275193214416504,1.4223155975341797,5.237897872924805,1,1,1,0,0,1,1,1,1,1,1,37
10353,FeatureGuideHumanMimic_v4,window4.csv,1,1.189236760139465,0.9999998807907104,0.9995068311691284,2.9407401084899902,1.417920470237732,5.220607757568359,1,1,1,0,0,1,1,1,1,1,1,38
10354,FeatureGuideHumanMimic_v4,window4.csv,1,1.1317421197891235,0.9999998807907104,0.9995586276054382,2.9611196517944336,1.4160536527633667,5.174907684326172,1,1,1,0,0,1,1,1,1,1,1,39
10355,FeatureGuideHumanMimic_v4,window4.csv,1,1.0845032930374146,0.9999998807907104,0.999549925327301,2.9575352668762207,1.4163923263549805,5.163029193878174,1,1,1,0,0,1,1,1,1,1,1,40
10356,FeatureGuideHumanMimic_v4,window4.csv,1,1.039120078086853,0.9999998807907104,0.99961519241333,2.978661060333252,1.4061464071273804,5.132227420806885,1,1,0,0,0,1,1,1,1,1,1,41
10357,FeatureGuideHumanMimic_v4,window4.csv,1,1.0908278226852417,0.9999998807907104,0.9995211362838744,2.9563705921173096,1.427659273147583,5.164430141448975,1,1,1,0,0,1,1,1,1,1,1,42
10358,FeatureGuideHumanMimic_v4,window4.csv,1,1.0831400156021118,0.9999998807907104,0.9995457530021667,2.9656691551208496,1.4263836145401,5.137365818023682,1,1,1,0,0,1,1,1,1,1,1,43
10359,FeatureGuideHumanMimic_v4,window4.csv,1,1.1233699321746826,0.9999998807907104,0.9994673132896424,2.9531004428863525,1.445716142654419,5.149441719055176,1,1,1,0,0,1,1,1,1,1,1,44
10360,FeatureGuideHumanMimic_v4,window4.csv,1,1.124974250793457,0.9999998807907104,0.9994687438011168,2.952847719192505,1.4449020624160769,5.142292022705078,1,1,1,0,0,1,1,1,1,1,1,45
10361,FeatureGuideHumanMimic_v4,window4.csv,1,1.1833785772323608,0.9999998807907104,0.9993187189102172,2.930860042572021,1.4727009534835815,5.173823833465576,1,1,1,0,0,1,1,1,1,1,1,46
10362,FeatureGuideHumanMimic_v4,window4.csv,1,1.1377559900283811,0.9999998807907104,0.9995309114456176,2.969513416290283,1.4366923570632937,5.143595218658447,1,1,1,0,0,1,1,1,1,1,1,47
10363,FeatureGuideHumanMimic_v4,window4.csv,1,1.0653600692749023,0.9999998807907104,0.9996216297149658,2.9915812015533447,1.415732741355896,5.119224548339844,1,1,1,0,0,1,1,1,1,1,1,48
10364,FeatureGuideHumanMimic_v4,window4.csv,1,1.0764868259429932,0.9999998807907104,0.99961119890213,2.9878594875335693,1.4174412488937378,5.122176170349121,1,1,1,0,0,1,1,1,1,1,1,49
10365,FeatureGuideHumanMimic_v4,window4.csv,1,1.055117964744568,0.9999998807907104,0.9995946288108826,2.975674867630005,1.4136394262313845,5.104749202728272,1,1,0,0,0,1,1,1,1,1,1,50
10366,FeatureGuideHumanMimic_v4,window4.csv,1,1.0570824146270752,0.9999998807907104,0.9995519518852234,2.970428466796875,1.4283949136734009,5.107668876647949,1,1,0,0,0,1,1,1,1,1,1,51
10367,FeatureGuideHumanMimic_v4,window4.csv,1,1.2125993967056274,0.9999996423721312,0.9987020492553712,2.8317675590515137,1.50263249874115,5.264485836029053,1,1,1,0,0,1,1,1,1,1,1,52
10368,FeatureGuideHumanMimic_v4,window4.csv,1,1.2032371759414673,0.9999997615814208,0.9990136623382568,2.850823402404785,1.4667117595672607,5.181510925292969,1,1,1,0,0,1,1,1,1,1,1,53
10369,FeatureGuideHumanMimic_v4,window4.csv,1,1.2969697713851929,0.9999995231628418,0.9985986351966858,2.827507495880127,1.5137230157852173,5.269698619842529,1,1,1,1,0,1,1,1,1,1,1,54
10370,FeatureGuideHumanMimic_v4,window4.csv,1,1.3502739667892456,0.9999945163726808,0.9945908784866332,2.6365790367126465,1.5937291383743286,5.470258712768555,1,1,1,1,0,1,1,1,1,1,1,55
10371,FeatureGuideHumanMimic_v4,window4.csv,1,1.2312004566192627,0.9963171482086182,0.8134503960609436,2.1658947467803955,1.8713771104812624,5.605197906494141,1,1,1,0,0,1,1,1,1,1,1,56
10372,FeatureGuideHumanMimic_v4,window4.csv,1,1.144856333732605,0.9881135821342468,0.706336498260498,2.0936427116394043,1.9181113243103027,5.591567039489746,1,1,1,0,0,1,1,1,1,1,1,57
10373,FeatureGuideHumanMimic_v4,window4.csv,1,1.4110442399978638,0.9999181032180786,0.96734356880188,2.3764126300811768,1.698710322380066,5.543636322021484,1,1,1,1,0,1,1,1,1,1,1,58
10374,FeatureGuideHumanMimic_v4,window4.csv,1,0.9368749856948853,0.5750009417533875,0.211207166314125,1.8336200714111328,2.0971529483795166,5.493807792663574,1,0,0,0,0,1,1,1,1,1,1,59
10376,FeatureGuideHumanMimic_v4,window4.csv,1,1.2014185190200806,6.212646258063614e-05,0.0009119092137552,1.2940362691879272,2.693847894668579,4.973490238189697,0,0,1,0,0,1,1,0,0,1,1,61
10377,FeatureGuideHumanMimic_v4,window4.csv,1,1.170093297958374,3.159222615067847e-05,0.0004224192816764,1.23739492893219,2.791212797164917,4.899328231811523,0,0,1,0,0,0,0,0,0,1,0,62
10378,FeatureGuideHumanMimic_v4,window4.csv,1,1.1256860494613647,1.4157447367324494e-05,0.0003359150432515,1.2408992052078247,2.840562343597412,4.999283313751221,0,0,1,0,0,0,0,0,0,1,0,63
10379,FeatureGuideHumanMimic_v4,window4.csv,1,1.1847498416900637,5.044454155722633e-06,0.0002387988351983,1.2408825159072876,2.908812522888184,5.049102306365967,0,0,1,0,0,0,0,0,0,1,0,64
10380,FeatureGuideHumanMimic_v4,window4.csv,1,1.109987497329712,2.49421714215714e-06,0.0001640544796828,1.222471833229065,2.965501308441162,5.052125930786133,0,0,1,0,0,0,0,0,0,1,0,65
10382,FeatureGuideHumanMimic_v4,window4.csv,1,1.088014841079712,1.7495715383120114e-06,0.0001175027719,1.2063919305801392,3.016178131103516,5.044680118560791,0,0,1,0,0,0,0,0,0,1,0,67
10384,FeatureGuideHumanMimic_v4,window4.csv,1,1.1884855031967163,8.853013468979043e-07,0.0001124544724007,1.2244417667388916,3.0430116653442383,5.095154762268066,0,0,1,0,0,0,0,0,0,1,0,69
10385,FeatureGuideHumanMimic_v4,window4.csv,1,1.2278844118118286,7.477285635104636e-07,0.0001037696638377,1.2320433855056765,3.066689968109131,5.074893474578857,0,0,1,0,0,0,0,0,0,1,0,70
10386,FeatureGuideHumanMimic_v4,window4.csv,1,1.2455642223358154,7.246722475429124e-07,0.0001015549496514,1.2310395240783691,3.0700013637542725,5.078036785125732,0,0,1,0,0,0,0,0,0,1,0,71
10387,FeatureGuideHumanMimic_v4,window4.csv,1,1.2550640106201172,7.020550469860609e-07,9.717395732877776e-05,1.2301347255706787,3.0779168605804443,5.07476806640625,0,0,1,1,0,0,0,0,1,1,1,72
10388,FeatureGuideHumanMimic_v4,window4.csv,1,1.2519211769104004,6.648679118370637e-07,8.659958257339895e-05,1.222590446472168,3.093416213989258,5.041069507598877,0,0,1,1,0,0,0,0,1,1,1,73
10389,FeatureGuideHumanMimic_v4,window4.csv,1,1.2633213996887207,6.622310024795297e-07,8.339076885022223e-05,1.2202693223953247,3.098647356033325,5.031428813934326,0,0,1,1,0,0,0,0,1,1,1,74
10390,FeatureGuideHumanMimic_v4,window4.csv,1,1.2486557960510254,7.326357263082173e-07,9.55747309490107e-05,1.2266578674316406,3.077759265899658,5.025521755218506,0,0,1,1,0,0,0,0,1,1,1,75
10391,FeatureGuideHumanMimic_v4,window4.csv,1,1.2585530281066897,7.642700552423776e-07,9.83325153356418e-05,1.229714035987854,3.0751254558563232,5.022076606750488,0,0,1,1,0,0,0,0,1,1,1,76
10392,FeatureGuideHumanMimic_v4,window4.csv,1,1.289318323135376,7.082837214511528e-07,8.752603025641292e-05,1.2230554819107056,3.091752767562866,5.012118339538574,0,0,1,1,0,0,0,0,1,1,1,77
10393,FeatureGuideHumanMimic_v4,window4.csv,1,1.29828941822052,7.254606089190929e-07,9.147750824922696e-05,1.2247992753982544,3.0846645832061768,5.010371208190918,0,0,1,1,0,0,0,0,1,1,1,78
10394,FeatureGuideHumanMimic_v4,window4.csv,1,1.3155032396316528,6.548373789883044e-07,7.539006037404761e-05,1.2113418579101562,3.109893798828125,4.987601280212402,0,0,1,1,0,0,0,0,1,1,1,79
10395,FeatureGuideHumanMimic_v4,window4.csv,1,1.3707345724105835,6.159289114293642e-07,6.91465538693592e-05,1.2130998373031616,3.1289424896240234,4.9933390617370605,0,0,1,1,0,0,0,0,1,1,1,80
10396,FeatureGuideHumanMimic_v4,window4.csv,1,1.3543227910995483,6.360656357173866e-07,7.009574619587511e-05,1.210389256477356,3.123505115509033,4.984262466430664,0,0,1,1,0,0,0,0,1,1,1,81
